,Unnamed: 0,SgnYear,AreaName,InternetUsers,BroadBandSub,营业收入/亿元,RDinstitutions,RDProject,PatentApplicationPatent,NewProductSalesRevenue,经济发展水平,总人口,人口密度,外商直接投资,金融发展水平
9,9,2011,上海市,1525,493.5,34299.95,206,3002,3482,9957527,33795.7,2356,3716.09,4.24%,4.968994081
34,34,2012,上海市,1606,541.0208,34096.29,305,2795,4250,8484068,33062.6,2399,3783.91,4.75%,5.179822632
72,72,2013,上海市,1683,511.1,34533.53,207,2973,4873,7950113,33181.8,2448,3861.2,4.76%,5.207325094
104,104,2014,上海市,1716,532.2,35473.82,173,3150,5667,9462702,33497.4,2467,3891.17,4.73%,5.168016395
136,136,2015,上海市,1773,568.8,34172.22,185,2586,5464,10354216,33391.6,2458,3876.97,4.58%,6.255025086
189,189,2016,上海市,1791,635.71,34315.15,163,2593,5426,11463989,35045.4,2467,3891.17,4.36%,6.050439251
201,201,2017,上海市,,681.3347,37910.5,160,2885,5795,11760237.6,35649.6,2466,3889.59,3.75%,5.86438836
246,246,2018,上海市,,772.92,39814.8,154,2720,5136,14096503.5,35688.7,2475,3903.79,3.50%,5.948147285
264,264,2019,上海市,,890.1477,39937.39,172,2960,6174,16051846.3,39341.5,2481,3913.25,3.44%,5.573620664
297,297,2020,上海市,,918.96,39524.92,184,,6818,16057975,38425.6,2488,3924.29,3.61%,6.214586448
329,329,2021,上海市,,995.43,45402.33,198,,6423,18108435,39695.9,2489,3925.87,3.37%,6.290960062
0,0,2011,中国,51310,15000.1,841830.24,5941,53888,54224,224733493,,,,,
57,57,2012,中国,56400,17518.3,929291.51,9708,67921,66870,255710383,,,,,
95,95,2013,中国,61758,18890.9,1029149.76,8972,80860,74059,312296100,,,,,
116,116,2014,中国,64875,20048.34,1107032.52,9785,79725,87620,354941746,,,,,
159,159,2015,中国,68826,25946.57,1109852.97,11265,67648,88294,414134905,,,,,
180,180,2016,中国,73125,29720.65,1158998.52,13741,80029,101835,479242433,,,,,
220,220,2017,中国,77198,34854.0089,1133160.76,15696,96944,118099,535471107.8,,,,,
225,225,2018,中国,82851,40738.15,1049490.5,16052,100074,137633,568941516.9,,,,,
287,287,2019,中国,90359,44927.8574,1067397.16,17969,126645,162472,591642232.2,,,,,
288,288,2020,中国,98898.9961,48354.95,1083658.43,20185,,174641,685491445,,,,,
320,320,2021,中国,103195,53578.66,,23041,,197462,817425738,,,,,
25,25,2011,云南省,1140,298,7621.91,35,356,153,398973,6877.46,4620,120.532,1.26%,3.123359406
50,50,2012,云南省,1321,375.516,8942.15,56,374,224,369872,7055.6,4631,120.819,1.34%,3.126297472
88,88,2013,云南省,1528,404.7,9773.14,49,314,197,524205,7219.42,4641,121.08,1.32%,3.123501666
127,127,2014,云南省,1643,424.9,10358.22,51,418,222,559468,7230.78,4653,121.393,1.30%,3.19139356
152,152,2015,云南省,1761,537.3,9829.69,54,591,207,487188,7073.83,4663,121.654,1.37%,3.410467011
173,173,2016,云南省,1892,655.31,10149.03,61,563,240,517995,7069.86,4677,122.019,0.39%,3.476565448
216,216,2017,云南省,,812.5821,11684.53,76,649,188,898255,7151.74,4693,122.437,0.40%,3.420686185
249,249,2018,云南省,,1019.43,13640.5,69,608,211,958562.2,7171.28,4703,122.698,0.39%,3.312238271
280,280,2019,云南省,,1156.0786,14680.35,66,715,200,1116216,8620.42,4714,122.985,0.21%,2.779498574
313,313,2020,云南省,,1278.12,14943.5,61,,257,3985534,9011.77,4722,123.193,0.21%,2.883336936
345,345,2021,云南省,,1451.91,17612.94,66,,261,1597394,9304.17,4690,122.358,0.78%,2.762911282
5,5,2011,内蒙古自治区,854,231,17542.37,17,29,29,65230,10658,2470,20.8791,1.73%,1.517521038
62,62,2012,内蒙古自治区,965,274.7991,18135.15,20,96,29,104792,10571.4,2464,20.8284,1.66%,1.578376231
68,68,2013,内蒙古自治区,1093,284.4,19550.83,16,86,36,181415,10326.6,2455,20.7523,1.77%,1.674134721
100,100,2014,内蒙古自治区,1142,316.8,19556.56,18,125,34,143589,10060.7,2449,20.7016,1.44%,1.764561887
132,132,2015,内蒙古自治区,1259,365.7,18925.61,29,158,60,424529,9374.12,2440,20.6255,1.18%,1.987296781
185,185,2016,内蒙古自治区,1311,417.18,20056.67,31,218,50,865188,8896.2,2436,20.5917,1.09%,2.245359966
197,197,2017,内蒙古自治区,,493.9967,13983.14,18,250,520,1540744.8,7598.05,2433,20.5664,1.32%,2.774506545
230,230,2018,内蒙古自治区,,628.28,14351,18,276,152,2100002.6,7751.4,2422,20.4734,1.21%,2.633882847
260,260,2019,内蒙古自治区,,682.504,16806.38,11,269,413,361952.6,7333.66,2415,20.4142,0.83%,2.726004835
293,293,2020,内蒙古自治区,,722.92,17488.87,20,,256,490914,7749.93,2403,20.3128,0.72%,2.787713237
325,325,2021,内蒙古自治区,,796.24,24836.41,26,,253,945003,8617.95,2400,20.2874,0.10%,2.559154147
1,1,2011,北京市,1379,510.8,15753.36,256,3143,4290,14895753,37134,2024,1232.79,2.80%,7.055309739
58,58,2012,北京市,1458,473.6949,16905.14,287,3775,6314,13152739,37921.2,2078,1265.68,2.84%,7.160575858
64,64,2013,北京市,1556,480.4,18624.82,250,5391,5358,15844619,39002.6,2125,1294.31,2.67%,7.047257158
96,96,2014,北京市,1593,482.4,19776.67,304,4152,5845,18651122,39169.2,2171,1322.33,2.60%,7.207694215
128,128,2015,北京市,1647,491.9,18864.9,313,3144,5305,15978092,39541.3,2188,1332.68,3.52%,8.131033401
181,181,2016,北京市,1690,475.76,19746.96,293,3050,4114,17684341,41284.9,2195,1336.95,3.37%,7.875151982
193,193,2017,北京市,,541.936,20722.04,264,3495,4715,17568451.7,42212.6,2194,1336.34,5.86%,7.626009551
226,226,2018,北京市,,638.8,21958.8,228,3081,5013,20280792.9,42844.2,2192,1335.12,3.78%,7.505806402
256,256,2019,北京市,,688.1051,23419.1,213,3412,6332,21893124.3,47118.4,2190,1333.9,2.77%,7.00958235
289,289,2020,北京市,,747.31,23849.02,246,,7180,24875374,46748.8,2189,1333.29,2.69%,7.544907493
321,321,2021,北京市,,806.26,28745.12,247,,9231,53881022,48075,2189,1333.29,2.49%,7.171027276
7,7,2011,吉林省,966,307.4,16745.42,51,484,220,732061,10546.8,2725,145.411,0.91%,1.816956087
32,32,2012,吉林省,1062,364.5579,19835.58,88,500,288,993409,10639.5,2698,143.97,0.87%,1.849581715
70,70,2013,吉林省,1163,379.6,21950.72,78,4617,388,1336505,10732.2,2668,142.369,0.86%,1.969209897
102,102,2014,吉林省,1243,414.9,23312.77,54,582,329,1298133,10667.7,2642,140.982,0.87%,2.117025546
134,134,2015,吉林省,1313,427.3,22321.96,55,510,212,1283218,10220.7,2613,139.434,0.94%,2.417146112
187,187,2016,吉林省,1402,440.01,23431.37,57,578,235,1897942,10044.1,2567,136.98,1.02%,2.596312463
199,199,2017,吉林省,,501.4876,20405.79,51,672,224,1429510.1,9646.19,2526,134.792,0.98%,2.656972819
244,244,2018,吉林省,,588.22,14206,55,594,414,1362702.3,9315.14,2484,132.551,1.03%,2.723093517
262,262,2019,吉林省,,618.2973,13963.8,46,614,371,1476949.2,7036.04,2448,130.63,1.49%,3.840613227
295,295,2020,吉林省,,654.23,13225.97,60,,465,1555308,7897.72,2399,128.015,1.51%,4.061107988
327,327,2021,吉林省,,734.2,14709.84,52,,471,1629767,7959.97,2375,126.734,1.49%,4.095512825
23,23,2011,四川省,2229,668.4,29887.91,93,2527,773,5915429,7286.75,8064,167.511,2.91%,2.733928514
48,48,2012,四川省,2562,823.0215,31427.16,235,3697,1662,5895644,7351.46,8085,167.948,2.59%,2.837541051
86,86,2013,四川省,2835,835.2,35251.84,178,4066,1943,7309076,7389.21,8109,168.446,2.41%,2.971383071
125,125,2014,四川省,3022,883.1,38063.87,211,4317,3185,9962586,7361.76,8139,169.069,2.21%,3.107809393
150,150,2015,四川省,3260,1424,38645.91,225,1828,3097,9945653,7189.29,8196,170.253,2.07%,3.288236821
171,171,2016,四川省,3575,1851.23,41529.25,257,2455,3733,10609341,7308.74,8251,171.396,1.61%,3.353179671
214,214,2017,四川省,,2167.5285,41631.26,292,3435,4534,14227446.2,7588.84,8289,172.185,1.48%,3.305104729
243,243,2018,四川省,,2624.49,41246.8,286,3588,5094,11588168.4,7732.73,8321,172.85,1.46%,3.264208065
278,278,2019,四川省,,2811.746,44125.23,326,5346,5309,15748665,8245.58,8351,173.473,1.37%,3.123735891
311,311,2020,四川省,,2975.45,46565.3,399,,6823,18068055,8310.73,8371,173.889,1.43%,3.351151346
343,343,2021,四川省,,3220.93,54215.01,470,,7331,24183410,8515.92,8372,173.909,0.40%,3.298168272
2,2,2011,天津市,719,186.7,21103.32,113,2287,1576,7950951,24000.8,1341,1123.68,7.46%,2.963720718
59,59,2012,天津市,793,204.778,23645.72,150,3323,1878,11564670,24031.8,1378,1154.68,7.35%,3.000694903
65,65,2013,天津市,866,188.4,27011.12,124,2890,2275,18228710,23907.2,1410,1181.5,7.22%,3.044891951
97,97,2014,天津市,904,208.8,28382.59,116,3349,2243,18791769,23664.2,1429,1197.42,7.37%,3.052164027
129,129,2015,天津市,956,249.8,27969.58,139,2216,1705,17467974,22766.8,1439,1205.8,7.96%,3.273880032
182,182,2016,天津市,999,283.93,25888.2,133,2469,1547,15989132,22569.8,1443,1209.15,3.75%,3.2887776
194,194,2017,天津市,,339.3455,16144.06,111,2990,1349,12100448.3,22585.1,1410,1181.5,3.86%,3.371756395
227,227,2018,天津市,,437.91,18107.1,103,2375,1069,10844171.4,22100.7,1383,1158.87,1.71%,3.459293745
257,257,2019,天津市,,523.6254,18968.85,102,2383,1297,8238238.9,15818.1,1385,1160.55,2.31%,4.816272082
290,290,2020,天津市,,534.6,19006.15,137,,2315,9441170,17557.9,1387,1162.23,2.32%,5.183598379
322,322,2021,天津市,,584.54,23042.81,159,,2309,12964540,18366.1,1373,1150.49,2.22%,4.903297866
30,30,2011,宁夏回族自治区,207,52.2,2425.7,11,132,39,161546,11190.3,648,97.5904,0.62%,2.799739322
55,55,2012,宁夏回族自治区,258,60.9079,2981.46,15,151,102,117828,11174.2,659,99.247,0.59%,2.938243447
93,93,2013,宁夏回族自治区,283,71.1,3374.49,11,245,146,140505,11199.4,666,100.301,0.36%,3.037236622
114,114,2014,宁夏回族自治区,295,78.2,3526.51,9,221,61,179031,11074.3,678,102.108,0.21%,3.21104611
157,157,2015,宁夏回族自治区,326,92.5,3472.75,18,284,49,454659,10847.5,684,103.012,0.40%,3.425160641
178,178,2016,宁夏回族自治区,339,111.88,3646.1,17,359,90,645101,10922.2,695,104.669,0.53%,3.520995143
218,218,2017,宁夏回族自治区,,159.1542,4067.16,13,261,65,611410.2,11010.9,705,106.175,0.61%,3.580219308
254,254,2018,宁夏回族自治区,,217.02,4444.7,15,263,85,1134899.3,11073.1,710,106.928,0.38%,3.531450564
285,285,2019,宁夏回族自治区,,259.0947,4937.86,25,283,92,1128680.4,10519.6,717,107.982,0.46%,3.704965746
318,318,2020,宁夏回族自治区,,283.64,4802.34,19,,130,1316920,10261.9,721,108.584,0.48%,3.840047952
350,350,2021,宁夏回族自治区,,317.13,6599.14,25,,160,1712157,11094.6,725,109.187,0.42%,3.309820224
12,12,2011,安徽省,1585,432.6,24960.16,201,1399,755,2586786,7232.04,5972,427.487,2.80%,2.203285481
37,37,2012,安徽省,1869,507.011,28905.07,341,1689,1107,3898078,7258.57,5978,427.917,3.17%,2.324342539
75,75,2013,安徽省,2150,546.8,33079.46,324,2212,1555,4199537,7340.83,5988,428.633,3.44%,2.424753008
107,107,2014,安徽省,2225,563.8,36838.37,405,2246,2302,5423312,7284.94,5997,429.277,3.64%,2.534612387
139,139,2015,安徽省,2395,913.3,39064.41,535,2027,3173,8707151,7073.31,6011,430.279,3.85%,2.770681866
160,160,2016,安徽省,2721,1075.03,42190.46,654,2585,3279,11080797,7217.94,6033,431.854,4.02%,2.95394635
203,203,2017,安徽省,,1323.6528,43110.37,792,3596,4258,14248099,7366.46,6057,433.572,3.97%,3.009434451
232,232,2018,安徽省,,1662.42,40004.8,803,2773,4276,17961822.5,7574.23,6076,434.932,3.75%,3.021043216
267,267,2019,安徽省,,1864.7013,37358.89,861,4713,4549,19031542,8719.42,6092,436.077,3.33%,2.689485202
300,300,2020,安徽省,,2092.99,38549.29,995,,6368,24250136,9125.82,6105,437.008,3.27%,2.910844523
332,332,2021,安徽省,,2335.82,45519.47,1080,,8718,31805655,9359.75,6113,437.581,2.90%,2.896303935
15,15,2011,山东省,3625,1154.1,99766.24,362,3355,2528,15364345,13350.4,9665,628.414,1.59%,1.854581107
40,40,2012,山东省,3866,1364.118,118086.92,622,4880,3223,17621221,13370.6,9708,631.209,1.56%,1.863219819
78,78,2013,山东省,4329,1465.1,132318.98,584,5480,3935,18191965,13479.1,9746,633.68,1.58%,2.015376699
117,117,2014,山东省,4634,1523.9,143140.27,582,5966,4745,19399769,13344.6,9808,637.711,1.57%,2.06665316
142,142,2015,山东省,4789,1980.8,145628.87,613,6256,6998,26901847,13105.5,9866,641.482,1.61%,2.156408259
163,163,2016,山东省,5207,2366.53,150641.21,675,7092,8926,29452545,13156.3,9973,648.44,1.64%,2.218716083
206,206,2017,山东省,,2588.7434,140856.78,776,7955,11370,33502807.5,13084.9,10033,652.341,1.66%,2.228877215
235,235,2018,山东省,,2884.82,96584.6,591,7834,11961,23932572.3,12943.1,10077,655.202,1.78%,2.278329696
270,270,2019,山东省,,3186.0969,83162.34,592,7773,5992,19873486.9,11397.5,10106,657.087,1.43%,2.688491214
303,303,2020,山东省,,3445.62,87160.7,737,,6724,24275561,11289.3,10165,660.923,1.66%,2.956829712
335,335,2021,山东省,,3863.71,103804.16,1031,,7831,37873620,11851.4,10170,661.248,1.67%,2.906491175
4,4,2011,山西省,1405,416.1,16803.91,25,216,96,294792,10028.9,3562,227.895,1.19%,2.871515588
61,61,2012,山西省,1589,504.7848,18118.94,43,463,150,461825,9813.16,3548,226.999,1.30%,3.085013989
67,67,2013,山西省,1755,521.3,18404.65,39,334,199,473710,9417.77,3535,226.168,1.37%,3.260454393
99,99,2014,山西省,1838,571.1,17801.12,52,352,194,616688,9043.03,3528,225.72,1.42%,3.408876236
131,131,2015,山西省,1975,723.9,14624.14,47,280,134,669986,8775.84,3519,225.144,1.40%,3.698450396
184,184,2016,山西省,2035,747.19,14226.45,71,409,121,509415,8586.52,3514,224.824,1.19%,3.925207714
196,196,2017,山西省,,872.8714,17852.4,66,604,120,1701793.9,9543.71,3510,224.568,0.74%,3.568853109
229,229,2018,山西省,,991.03,19805,71,609,163,1804078.9,9687.32,3502,224.056,0.93%,3.603045764
259,259,2019,山西省,,1126.062,21334.74,77,704,165,2769881,9236.25,3497,223.736,0.55%,3.905682729
292,292,2020,山西省,,1252.11,22020.97,130,,322,3218403,9842.48,3490,223.289,0.66%,4.143337301
324,324,2021,山西省,,1350.37,33682.42,158,,308,3619218,11541.7,3480,222.649,0.49%,3.586900514
19,19,2011,广东省,6300,1643.9,92983.94,1111,12555,25961,73603509,16768.7,10756,597.556,2.65%,2.82286468
44,44,2012,广东省,6627,1903.57,93821.74,1487,15325,29210,85195533,16623.8,11041,613.389,2.60%,3.017047581
82,82,2013,广东省,6992,2081.7,103654.98,1103,16500,31018,97687742,16771.6,11270,626.111,2.47%,3.126850206
121,121,2014,广东省,7286,2174.1,115451.13,1263,16102,34510,108574709,16893.7,11489,638.278,2.43%,3.138235227
146,146,2015,广东省,7768,2682.7,119157.86,2045,11468,32366,123288580,16796.8,11678,648.778,2.30%,3.516555044
167,167,2016,广东省,8024,2779.39,129151.31,3735,16449,39879,155428245,17342.3,11908,661.556,1.92%,3.596041354
210,210,2017,广东省,,3246.8258,133924.37,5316,20713,48148,186931452.3,17890.9,12141,674.5,1.72%,3.573567561
239,239,2018,广东省,,3597.84,138022,5823,22174,59216,208509695.9,18168,12348,686,1.63%,3.631051061
274,274,2019,广东省,,3801.6369,146726.43,6848,31541,74083,220050838.4,18946.9,12489,693.833,1.41%,3.719227644
307,307,2020,广东省,,3889.99,149930.12,7843,,71947,233583833,17554.3,12624,701.333,1.46%,4.183053159
339,339,2021,广东省,,4277.71,173649.71,9090,,79778,245918070,18262.6,12684,704.667,1.10%,4.144124413
20,20,2011,广西壮族自治区,1353,414.8,12216.87,67,543,131,453743,7653.11,4655,197.246,0.56%,2.062509012
45,45,2012,广西壮族自治区,1586,507.096,14733.63,95,559,198,596971,7650.95,4694,198.898,0.36%,2.172762004
83,83,2013,广西壮族自治区,1774,559.6,16726,75,516,251,906869,7691.36,4731,200.466,0.30%,2.247869535
122,122,2014,广西壮族自治区,1848,592.4,18916.79,70,504,212,821633,7687.16,4770,202.119,0.39%,2.320535013
147,147,2015,广西壮族自治区,2033,715.8,20442.5,67,425,214,817294,7625.95,4811,203.856,0.64%,2.434835911
168,168,2016,广西壮族自治区,2213,789.95,22231.3,50,404,270,1067959,7752.35,4857,205.805,0.32%,2.51770097
211,211,2017,广西壮族自治区,,967.9745,23805.05,55,433,284,1296976.5,7307.28,4907,207.924,0.30%,2.760085428
240,240,2018,广西壮族自治区,,1230.57,19069.6,51,438,390,1693361.9,7520.71,4947,209.619,0.16%,2.774993846
275,275,2019,广西壮族自治区,,1447.3997,17441.11,44,485,313,1816093.1,7410.14,4982,211.102,0.10%,2.926166141
308,308,2020,广西壮族自治区,,1650.84,17646.3,63,,288,1662231,7426.74,5019,212.669,0.08%,3.153106353
340,340,2021,广西壮族自治区,,1827.4,22274.07,95,,610,2391737,7715.19,5037,213.432,0.43%,3.10136535
31,31,2011,新疆维吾尔自治区,882,206.1,6782.25,3,55,16,94443,11941.9,2225,13.4036,0.33%,2.578832233
56,56,2012,新疆维吾尔自治区,962,255.0217,7510.67,5,10,2,2253,12106.6,2253,13.5723,0.34%,2.772638305
94,94,2013,新疆维吾尔自治区,1094,293,8608.03,8,24,14,22573,12274.1,2285,13.7651,0.35%,2.916288087
115,115,2014,新疆维吾尔自治区,1139,305.7,9321.35,16,24,25,18901,12256.2,2325,14.006,0.28%,2.960557332
158,158,2015,新疆维吾尔自治区,1262,409.5,8203.73,21,78,95,254031,11324.3,2385,14.3675,0.30%,3.375203758
179,179,2016,新疆维吾尔自治区,1296,468.4,8300.96,16,85,59,369177,10896.1,2428,14.6265,0.28%,3.574835487
219,219,2017,新疆维吾尔自治区,,569.9104,9730.75,13,194,74,346370.9,11420.9,2480,14.9398,0.12%,3.605105146
255,255,2018,新疆维吾尔自治区,,647.25,10767.2,14,182,80,464694.8,12072.7,2520,15.1807,0.11%,3.37339701
286,286,2019,新疆维吾尔自治区,,775.9005,11524.56,10,194,30,155831.6,12674.9,2559,15.4157,0.17%,3.234529249
319,319,2020,新疆维吾尔自治区,,883.86,11683.6,15,,70,97464,12269.1,2590,15.6024,0.11%,3.469506972
351,351,2021,新疆维吾尔自治区,,1064.18,15505.04,12,,45,77661,13293.3,2589,15.5964,0.10%,3.264014365
10,10,2011,江苏省,3685,1171,107030.09,1229,7160,5546,48961827,17401.3,8023,781.969,4.23%,2.34811008
35,35,2012,江苏省,3952,1350.7157,119286.78,2904,9658,6524,58689818,17389.2,8120,791.423,4.18%,2.502894472
73,73,2013,江苏省,4095,1431.3,132270.41,3019,11183,7723,61542994,17540.7,8192,798.441,3.45%,2.552753928
105,105,2014,江苏省,4274,1523.4,141955.99,3364,11536,10773,69988157,17581.5,8281,807.115,2.66%,2.587582995
137,137,2015,江苏省,4416,2346.3,147074.45,3489,11019,10403,78437606,17447.8,8315,810.429,2.16%,2.663277397
190,190,2016,江苏省,4513,2685.24,156591.04,3834,12787,11881,91082746,17870.6,8381,816.862,2.11%,2.823863769
202,202,2017,江苏省,,3106.1459,148996.61,3710,14721,12602,88516811.2,18505.2,8423,820.955,1.98%,2.780763682
247,247,2018,江苏省,,3351.87,132155.4,3631,14988,14495,88085023.6,18706.2,8446,823.197,1.83%,2.829895222
265,265,2019,江苏省,,3585.7369,118485.22,3488,19249,18235,87837105.8,18976.2,8469,825.439,1.81%,2.933603643
298,298,2020,江苏省,,3756.83,125344.17,3336,,22962,117028401,17982.1,8477,826.218,1.91%,3.256996906
330,330,2021,江苏省,,4071.61,153888.58,3269,,23797,124711331,18769.1,8505,828.947,1.60%,3.157355957
14,14,2011,江西省,1088,313,18580.33,77,764,257,1434234,7883.05,4474,267.904,3.34%,2.018663878
39,39,2012,江西省,1267,371.9891,22533.38,107,786,436,2030687,7864.05,4475,267.964,3.33%,2.156106937
77,77,2013,江西省,1468,410.1,26700.22,131,1190,570,2783578,7955.03,4476,268.024,3.25%,2.268838926
109,109,2014,江西省,1543,434.2,31077.54,177,1132,976,3214230,7910.87,4480,268.263,3.30%,2.383240331
141,141,2015,江西省,1759,710.9,32954.82,203,1384,1030,4240226,7722.19,4485,268.563,3.53%,2.607308874
162,162,2016,江西省,2035,822.5,35961.32,282,1554,807,5662500,7836.87,4496,269.222,3.75%,2.754346721
205,205,2017,江西省,,997.0684,33751.65,406,1917,1084,6728488,7792.37,4511,270.12,3.87%,2.920883461
234,234,2018,江西省,,1323.36,32304.8,589,3269,1705,10147615.9,7881.36,4513,270.24,3.78%,2.995610145
269,269,2019,江西省,,1448.7784,35009.75,770,4271,1905,17953384.7,8224.8,4516,270.419,3.78%,3.024222963
302,302,2020,江西省,,1510.52,36442.65,884,,2435,23405434,8476.2,4519,270.599,3.92%,3.331086157
334,334,2021,江西省,,1700.16,44935.6,1105,,2834,28307297,8980.91,4517,270.479,3.44%,3.186271299
3,3,2011,河北省,2597,824.5,40201.02,78,1050,312,813807,11176.7,7232,385.296,1.23%,1.96649543
60,60,2012,河北省,3008,963.9093,43643.84,110,1422,352,1537199,11053.4,7262,386.894,1.38%,2.091254905
66,66,2013,河北省,3389,1031.6,45766.25,122,1634,403,1994115,10935.7,7288,388.279,1.40%,2.245466803
98,98,2014,河北省,3603,1127.6,47207.76,148,2048,654,2710642,10621.8,7323,390.144,1.33%,2.440975285
130,130,2015,河北省,3731,1317.2,45648.1,167,1430,652,3410594,10078.9,7345,391.316,1.29%,2.735549859
183,183,2016,河北省,3956,1612.02,47318.6,182,1576,709,3889455,10161.9,7375,392.914,1.52%,2.895671872
195,195,2017,河北省,,1910.1037,41949.97,191,1914,696,4837949.9,10113.8,7409,394.726,1.69%,3.050493998
228,228,2018,河北省,,2159.77,39562.9,159,1651,719,5261734,10043.9,7426,395.631,1.67%,3.175774578
258,258,2019,河北省,,2359.6651,41095.06,293,1927,2395,6230759.6,9175.58,7447,396.75,1.94%,3.598755944
291,291,2020,河北省,,2534.35,43213.24,321,,1385,7158532,9280.22,7464,397.656,2.07%,3.929873568
323,323,2021,河北省,,2796.88,53934.02,382,,1406,8823196,9720.06,7448,396.803,1.80%,3.867166939
16,16,2011,河南省,2582,784.5,47647.21,190,880,574,1363879,8252.65,9461,566.527,2.42%,1.64953587
41,41,2012,河南省,2856,927.6176,52276.38,248,1073,653,1373208,8237.8,9532,570.778,2.58%,1.745984619
79,79,2013,河南省,3283,1000.5,59454.79,237,1448,718,19808745,8215.85,9573,573.234,2.59%,1.898105699
118,118,2014,河南省,3474,1087.9,68037.47,238,1839,780,23641877,8190.36,9645,577.545,2.62%,1.98963657
143,143,2015,河南省,3703,1489,73365.96,310,1693,883,28945135,8010.57,9701,580.898,2.71%,2.136699587
164,164,2016,河南省,4110,1767.23,79657.15,336,1859,1108,28514336,8101.74,9778,585.509,2.79%,2.276136044
207,207,2017,河南省,,2128.3817,79909.12,355,2489,1379,33568938.8,8273.27,9829,588.563,2.61%,2.302533868
236,236,2018,河南省,,2503.91,47459.1,283,2605,1406,36536923.2,8290.89,9864,590.659,2.47%,2.369192852
271,271,2019,河南省,,2769.1966,50076.58,330,3671,1574,24056395.3,8752.79,9901,592.874,2.38%,2.352865505
304,304,2020,河南省,,3090.94,48606.5,361,,1855,29156733,8528.13,9941,595.269,2.52%,2.575915408
336,336,2021,河南省,,3505.83,57263.51,477,,1854,30673464,8589.9,9883,591.796,2.31%,2.579071924
11,11,2011,浙江省,3052,1019.7,55358.44,935,4889,2107,11409257,19627,5570,546.078,2.33%,3.531452388
36,36,2012,浙江省,3221,1152.6431,57682.73,1147,6406,2968,13574710,19492.5,5685,557.353,2.38%,3.640187473
74,74,2013,浙江省,3330,1242.7,61765.48,1136,7639,3569,18187699,19613.5,5784,567.059,2.32%,3.683361682
106,106,2014,浙江省,3458,1276.1,64371.53,1197,7736,4423,20680473,19394.2,5890,577.451,2.42%,3.748855887
138,138,2015,浙江省,3596,1906.8,63214.41,1308,9081,4775,27125363,19177.8,5985,586.765,2.46%,3.888588924
191,191,2016,浙江省,3632,2159.71,65453.88,1393,10089,5703,31928403,19638.6,6072,595.294,2.47%,3.837662874
192,192,2017,浙江省,,2464.5659,65760.08,1422,11183,5791,34170442.4,19965.7,6170,604.902,2.33%,3.816118796
224,224,2018,浙江省,,2653.79,71445.8,1495,11953,7952,40226892.8,20246.3,6273,615,2.19%,3.955496853
266,266,2019,浙江省,,2778.9142,76020.21,1817,14330,9886,46309628.7,21037.6,6375,625,1.50%,4.058412484
299,299,2020,浙江省,,2938.83,78625.03,2212,,11298,56879437,19282.9,6468,634.118,1.69%,4.578700002
331,331,2021,浙江省,,3117.04,100301.31,2607,,15278,72294877,20225.5,6540,641.176,1.63%,4.578226721
21,21,2011,海南省,338,80.4,1602,22,245,140,67690,9798.48,890,261.765,3.90%,3.051988774
46,46,2012,海南省,384,95.5348,1697.1,33,350,164,102459,10164.9,910,267.647,3.63%,3.15153351
84,84,2013,海南省,411,110.9,1640.7,29,606,249,143249,10300.4,920,270.588,3.53%,3.33063105
123,123,2014,海南省,421,120.3,1756.99,22,638,330,125474,10458,936,275.294,3.36%,3.376274024
148,148,2015,海南省,466,149.5,1661.72,28,423,206,125759,10259,945,277.941,4.15%,3.858724303
169,169,2016,海南省,470,186.48,1668.92,15,387,192,82804,10446,957,281.471,3.63%,4.146802526
212,212,2017,海南省,,228.7071,1799.52,20,383,113,202628.5,10741.8,972,285.882,3.49%,4.15809158
241,241,2018,海南省,,279.12,2231.5,25,423,87,233930.2,10997.8,982,288.824,1.12%,3.814238263
276,276,2019,海南省,,323.1976,2312.53,26,330,64,81600,11424.3,995,292.647,1.98%,3.627634947
309,309,2020,海南省,,351.47,2165.24,29,,70,142178,10927.6,1012,297.647,3.78%,3.668251877
341,341,2021,海南省,,450.19,2676.14,35,,208,322369,11500.4,1020,300,2.45%,4.587178774
17,17,2011,湖北省,2129,580.1,27081.87,140,1595,988,3220194,9826.18,5760,309.844,1.53%,2.058988624
42,42,2012,湖北省,2309,707.9847,32325.95,256,2099,1446,4753622,10012,5781,310.974,1.61%,2.118136937
80,80,2013,湖北省,2491,813.3,37864.54,192,2217,1761,5563646,10133.3,5798,311.888,1.72%,2.202921285
119,119,2014,湖北省,2625,869.7,41401.49,204,2442,1853,6701273,10206.1,5816,312.856,1.78%,2.249043983
144,144,2015,湖北省,2723,1014.4,43179.21,242,2045,2550,8158763,10115.9,5850,314.685,1.89%,2.397968827
165,165,2016,湖北省,3009,1131.88,45850.64,235,2254,3879,8266544,10341.1,5885,316.568,2.06%,2.504659979
208,208,2017,湖北省,,1242.9214,43210.52,237,2765,3961,9483930.7,10422.6,5904,317.59,2.09%,2.590994611
237,237,2018,湖北省,,1480.73,43271.6,294,2834,5023,15836866.5,10731.3,5917,318.289,2.01%,2.588037306
272,272,2019,湖北省,,1708.3228,45461.08,406,3675,8764,18403953.7,11629.1,5927,318.827,1.94%,2.460925354
305,305,2020,湖北省,,1870.16,40925.19,485,,8327,19339297,11604,5745,309.037,1.64%,2.924062678
337,337,2021,湖北省,,2081.34,51228.22,662,,9081,21859223,11837.3,5830,313.609,0.98%,2.78957349
18,18,2011,湖南省,1936,483.1,25726.21,133,903,876,3146183,8931.45,6581,310.718,2.02%,1.672970824
43,43,2012,湖南省,2200,604.3933,27823.31,224,850,923,3694690,9040.22,6590,311.143,2.07%,1.751211394
81,81,2013,湖南省,2410,702.4,31616.57,247,1085,1161,7616784,9126.53,6600,311.615,2.19%,1.828352829
120,120,2014,湖南省,2579,744.9,33489.43,274,1613,1395,8717350,9152.43,6611,312.134,2.33%,1.887712983
145,145,2015,湖南省,2685,910.5,35410.45,295,1379,1765,11517073,9016.99,6615,312.323,2.49%,2.091275783
166,166,2016,湖南省,3013,1066.88,39134.64,289,1646,1853,13214244,9116.67,6625,312.795,2.71%,2.2036761
209,209,2017,湖南省,,1315.4807,38934.23,302,2169,1971,13207547.6,9069.77,6633,313.173,2.88%,2.317771074
238,238,2018,湖南省,,1635.32,35420.9,286,2859,2831,10613987.3,9041.28,6635,313.267,2.94%,2.346006043
273,273,2019,湖南省,,1873.7724,37919.6,373,4178,3111,11518479,9173.97,6640,313.503,3.14%,2.391716467
306,306,2020,湖南省,,2113.17,38914.75,379,,3407,14921045,9670.69,6645,313.739,3.47%,2.568477094
338,338,2021,湖南省,,2322.99,43408.68,512,,3585,20450659,9903.71,6622,312.653,3.20%,2.577681485
28,28,2011,甘肃省,700,133.6,6568.75,18,228,49,206422,6351.4,2552,59.3488,0.09%,2.827907106
53,53,2012,甘肃省,795,163.2998,7787.26,39,226,105,305916,6349.2,2550,59.3023,0.07%,3.066491452
91,91,2013,甘肃省,894,192.2,8443.65,24,161,77,295040,6421.24,2537,59,0.07%,3.300251631
112,112,2014,甘肃省,951,213.9,9275.09,27,229,142,416450,6369.11,2531,58.8605,0.09%,3.66160876
155,155,2015,甘肃省,1005,302.7,8689.37,26,159,86,496232,5852.84,2523,58.6744,0.10%,4.422236906
176,176,2016,甘肃省,1101,392.86,7850.29,23,201,113,620541,5768.09,2520,58.6047,0.11%,4.644493269
222,222,2017,甘肃省,,576.3783,8434.49,25,232,123,930680,5770.54,2522,58.6512,0.04%,4.756694089
252,252,2018,甘肃省,,742.84,9021.1,26,220,157,957354.3,5998.26,2515,58.4884,0.04%,4.61434356
283,283,2019,甘肃省,,870.6881,7596.51,24,191,108,725499.9,5975.13,2509,58.3488,0.06%,4.639251918
316,316,2020,甘肃省,,931.42,7588.41,32,,97,816918,6255.75,2501,58.1628,0.07%,4.785797465
348,348,2021,甘肃省,,1025.24,10043.63,35,,216,1263822,6648.27,2490,57.907,0.06%,4.541495417
13,13,2011,福建省,2102,605.2,26850.95,190,1453,1116,11015207,14488.1,3784,311.954,2.28%,2.282967487
38,38,2012,福建省,2280,737.9513,29206.84,291,2076,1553,12106266,14602,3841,316.653,2.03%,2.410203545
76,76,2013,福建省,2402,835.6,32847.14,265,2195,1768,12232979,14602,3885,320.28,1.89%,2.510564744
108,108,2014,福建省,2471,899.2,37097.44,280,2190,2130,11773669,14610.3,3945,325.227,1.82%,2.573591522
140,140,2015,福建省,2648,1044.8,39591.28,294,2175,2266,12453956,14485.8,3984,328.442,1.84%,2.715181245
161,161,2016,福建省,2678,1144.62,42537.24,308,2755,2681,15729219,14811.7,4016,331.08,1.89%,2.716859917
204,204,2017,福建省,,1373.599,45658.46,344,3572,3200,15883463.7,15305.2,4065,335.12,1.80%,2.671874636
233,233,2018,福建省,,1629.12,51889.2,368,4501,3794,19809357.8,15724.5,4104,338.335,0.82%,2.578379423
268,268,2019,福建省,,1779.043,57552.52,398,4800,4525,21823437,17313.3,4137,341.055,0.75%,2.417200849
301,301,2020,福建省,,1831.02,55280.85,398,,5491,22575547,16682.7,4161,343.034,0.79%,2.647751714
333,333,2021,福建省,,1985.14,65768.32,424,,7627,31429998,17181.7,4187,345.177,0.71%,2.663082048
26,26,2011,西藏自治区,90,12.8,72.63,1,4,16,17364,6355.04,309,2.51629,0.69%,3.419358566
51,51,2012,西藏自治区,101,17.0578,91.88,4,6,14,20579,6576.09,315,2.56515,0.06%,3.877580132
89,89,2013,西藏自治区,115,19.1,93.37,4,9,2,23454,6830.82,317,2.58143,0.04%,4.385989432
110,110,2014,西藏自治区,123,22.1,117.14,2,14,3,,6956.95,325,2.64658,0.04%,5.112680951
153,153,2015,西藏自治区,142,29.6,136.38,1,8,2,335,6985.63,330,2.6873,0.03%,5.646687535
174,174,2016,西藏自治区,149,40.17,171.82,1,16,2,696,7118.58,340,2.76873,0.03%,6.451481227
217,217,2017,西藏自治区,,61.2393,214.98,1,16,2,,7362.99,349,2.84202,0.03%,6.867467122
250,250,2018,西藏自治区,,78.21,259.8,,9,3,,7608.08,354,2.88274,0.02%,6.422690389
281,281,2019,西藏自治区,,91.4131,296.04,1,20,1,,8087.72,361,2.93974,0.02%,5.698460379
314,314,2020,西藏自治区,,96.33,331.66,,,7,,8159.42,366,2.98046,0.02%,5.455606126
346,346,2021,西藏自治区,,115.31,415.73,,,8,,8349.38,366,2.98046,0.02%,5.156706086
24,24,2011,贵州省,840,204.8,5022.11,53,504,304,600096,5125.47,3530,200.568,0.58%,2.744200118
49,49,2012,贵州省,991,243.9285,5966.52,69,637,511,763092,5422.97,3587,203.807,0.45%,2.760865124
87,87,2013,贵州省,1146,292.4,6878.4,52,742,644,882589,5692.33,3632,206.364,0.44%,2.900332144
126,126,2014,贵州省,1222,310.9,8655.87,55,782,819,1061797,5887.94,3677,208.92,0.31%,2.99419515
151,151,2015,贵州省,1346,386.8,9876.81,63,748,628,999612,6026.7,3708,210.682,0.25%,3.299967817
172,172,2016,贵州省,1524,459.45,11172.44,72,786,599,1371352,6113.82,3758,213.523,0.55%,3.548727024
215,215,2017,贵州省,,568.5707,10647.55,88,931,843,1688094.7,6380.24,3803,216.08,0.41%,3.482760313
248,248,2018,贵州省,,732.01,9538.6,89,963,994,2098784.9,6395,3822,217.159,0.27%,3.455211749
279,279,2019,贵州省,,892.8549,9764.26,97,1130,849,1906597.4,6691.12,3848,218.636,0.28%,3.324826737
312,312,2020,贵州省,,1002.4,9342.21,119,,971,2439823,6410.77,3858,219.205,0.17%,3.400768292
344,344,2021,贵州省,,1187.37,10517.17,105,,1061,2500627,6518.49,3852,218.864,0.15%,3.363430748
6,6,2011,辽宁省,2092,655.1,42845.44,77,914,643,3583401,14670.4,4379,300.137,7.05%,2.4143935
63,63,2012,辽宁省,2199,707.9349,48199.85,159,1125,932,3496976,14979.4,4375,299.863,6.81%,2.479591635
69,69,2013,辽宁省,2453,726.9,52150.4,123,1049,1247,3852562,15095.1,4365,299.178,6.61%,2.540676921
101,101,2014,辽宁省,2580,772.1,48801.56,107,1361,1371,3605210,15019.3,4358,298.698,5.88%,2.622632532
133,133,2015,辽宁省,2731,860.5,33243.29,110,883,1407,3712202,14603.4,4338,297.327,1.13%,2.93142255
186,186,2016,辽宁省,2741,971.73,22038.95,100,1022,1376,4394298,11616.4,4327,296.573,0.90%,4.062543545
198,198,2017,辽宁省,,1058.6202,23476.4,114,1534,1635,4463377.5,11734,4312,295.545,1.54%,4.080781777
231,231,2018,辽宁省,,1135.99,27820.5,118,1573,1510,5622286.8,12005.7,4291,294.106,1.28%,4.108218926
261,261,2019,辽宁省,,1230.4063,31506.01,99,1795,1377,3328113.4,11198.4,4277,293.146,0.92%,4.50752626
294,294,2020,辽宁省,,1331.24,30666.47,119,,1423,3862348,11402.2,4255,291.638,0.69%,4.785896533
326,326,2021,辽宁省,,1464.93,36765.39,126,,1765,5674331,11836.5,4229,289.856,0.75%,4.463814299
22,22,2011,重庆市,1068,319.9,11382.34,82,1014,396,3834280,9009.03,2944,357.412,3.76%,2.929072644
47,47,2012,重庆市,1195,388.0711,12880.32,113,1062,473,2008123,9040.62,2975,361.175,1.95%,3.069176834
85,85,2013,重庆市,1293,438.8,15417.07,116,1073,400,1522376,9022.2,3011,365.546,2.01%,3.096522327
124,124,2014,重庆市,1357,475.4,18688.63,141,1605,609,4584535,9080.02,3043,369.431,1.82%,3.210550671
149,149,2015,重庆市,1445,602.7,20902.24,153,1411,942,13105042,9017.65,3070,372.709,1.49%,3.29153918
170,170,2016,重庆市,1556,704.73,23467.03,202,1810,1012,11034041,9199.78,3110,377.565,1.04%,3.25154124
213,213,2017,重庆市,,866.9317,20772.41,240,2455,1216,17996611.6,9220.54,3144,381.692,0.79%,3.128846579
242,242,2018,重庆市,,1070.14,20052.5,217,2682,1927,12339098.6,9114.89,3163,383.999,1.06%,3.395096741
277,277,2019,重庆市,,1163.9905,21442.15,234,3156,1904,13304004.3,9945.79,3188,387.034,0.69%,3.244470314
310,310,2020,重庆市,,1228.37,23052.14,362,,2023,17178605,9944.69,3209,389.584,0.58%,3.390149659
342,342,2021,重庆市,,1338.52,27530.51,346,,1718,19233545,10252.9,3212,389.948,0.52%,3.328158385
27,27,2011,陕西省,1429,369.8,13790.12,114,1306,598,2118593,9066.33,3765,183.123,1.22%,2.503488567
52,52,2012,陕西省,1551,439.5866,16328.25,185,1667,835,2213523,9278.92,3787,184.193,1.28%,2.526923939
90,90,2013,陕西省,1689,506.2,17763,151,2014,1122,2183206,9371.66,3804,185.019,1.41%,2.608653879
111,111,2014,陕西省,1745,552.4,19524.89,155,2041,1202,3028595,9323.78,3827,186.138,1.45%,2.683037365
154,154,2015,陕西省,1886,689.9,19690.66,160,1050,1047,3556246,8802.1,3846,187.062,1.60%,3.03976156
175,175,2016,陕西省,1989,802.96,21027.9,177,1222,1200,4693512,8803.4,3874,188.424,1.72%,3.089329723
221,221,2017,陕西省,,903.2156,23081.68,183,1402,1399,4665646,9209.84,3904,189.883,1.82%,2.971748237
251,251,2018,陕西省,,1057.4,23476.5,143,1332,1469,3782016.8,9494,3931,191.196,1.85%,2.932701184
282,282,2019,陕西省,,1197.6613,26020.62,162,1693,2006,6300734.1,9457.64,3944,191.829,2.07%,3.057932003
315,315,2020,陕西省,,1368.96,24422.64,174,,2458,5486827,9231.58,3955,192.364,2.22%,3.38533626
347,347,2021,陕西省,,1567.36,31218.05,174,,2798,10082120,9872.39,3954,192.315,2.13%,3.322183484
29,29,2011,青海省,208,41.6,1722.8,1,12,,3298,8988.48,568,7.86377,0.65%,3.037403319
54,54,2012,青海省,238,49.9201,1889.37,3,15,3,3896,9076.85,571,7.9053,0.69%,3.337711377
92,92,2013,青海省,274,54.9,2045.38,3,22,16,10065,9178.67,571,7.9053,0.27%,3.593404522
113,113,2014,青海省,289,61.4,2246.62,2,17,5,11262,9126.28,576,7.97453,0.13%,3.777851102
156,156,2015,青海省,318,82.3,2170.66,7,20,9,55221,8853.75,577,7.98837,0.14%,4.282931673
177,177,2016,青海省,320,99.66,2244.47,16,34,118,208856,8723.52,582,8.05759,0.04%,4.393929617
223,223,2017,青海省,,120.1494,2080.59,9,43,53,169209.6,8295.98,586,8.11297,0.05%,4.646495202
253,253,2018,青海省,,152.9,2234.6,13,30,70,269830.1,8449.7,587,8.12682,0.01%,4.329781553
284,284,2019,青海省,,174.5418,2394.84,10,80,59,314299.2,8233.98,590,8.16835,0.16%,4.230907466
317,317,2020,青海省,,181.97,2443.49,14,,58,522032,8458.3,593,8.20989,0.06%,4.303175068
349,349,2021,青海省,,209.36,3229.63,12,,43,459170,8905.94,594,8.22373,0.01%,4.048054742
8,8,2011,黑龙江省,1206,385.4,11454.6,50,884,253,462673,10109.4,3782,83.1574,1.77%,1.842115721
33,33,2012,黑龙江省,1329,435.8319,12526.14,67,826,341,576704,9991.13,3724,81.8821,1.84%,1.957451222
71,71,2013,黑龙江省,1514,459.6,13569.81,75,945,441,655479,9774.58,3666,80.6069,1.99%,2.080670167
103,103,2014,黑龙江省,1599,484.6,13407.09,68,994,581,777346,9631.66,3608,79.3316,2.11%,2.208515245
135,135,2015,黑龙江省,1707,519.5,11719.03,63,889,564,761124,9143.06,3529,77.5945,2.29%,2.524233161
188,188,2016,黑龙江省,1835,575.05,11347.77,63,722,633,967718,8796.16,3463,76.1434,2.55%,2.631012817
200,200,2017,黑龙江省,,664.5863,8654.3,46,1086,387,793283.6,8546.4,3399,74.7361,2.49%,2.720427961
245,245,2018,黑龙江省,,810.67,9322.7,35,667,231,387785.2,8401.85,3327,73.153,2.41%,2.800003912
263,263,2019,黑龙江省,,848.2783,10057.12,48,757,389,1834894.4,6709.63,3255,71.5699,0.28%,3.627125592
296,296,2020,黑龙江省,,886.33,9896.72,51,,411,1699411,7646.15,3171,69.723,0.27%,3.956382086
328,328,2021,黑龙江省,,1013.53,11834.32,61,,454,2632020,7834.26,3125,68.7115,0.26%,3.947080488
